file,head,beak,wing,tail,body,leg,full,eyes
0left_1.png,0,1,0,0,0,0,0,0
0left_10.png,1,1,0,0,0,0,0,0
0left_100.png,1,0,0,0,0,0,0,0
0left_101.png,0,0,0,0,1,0,0,0
0left_102.png,0,1,0,0,0,0,0,0
0left_103.png,0,1,0,0,0,0,0,0
0left_104.png,0,1,0,0,0,0,0,0
0left_105.png,0,1,0,0,0,0,0,0
0left_106.png,0,1,0,0,0,0,0,0
0left_107.png,0,1,0,0,0,0,0,0
0left_108.png,1,0,0,0,1,0,0,0
0left_109.png,0,1,0,0,0,0,0,0
0left_11.png,0,1,0,0,0,0,0,0
0left_110.png,0,1,0,0,0,0,0,0
0left_111.png,1,1,1,1,1,0,1,0
0left_112.png,1,0,0,0,0,0,0,0
0left_113.png,0,1,0,0,0,0,0,0
0left_114.png,0,1,0,0,1,0,0,0
0left_115.png,1,0,0,0,1,0,0,0
0left_116.png,0,0,1,0,0,0,0,0
0left_117.png,1,0,0,0,0,0,0,0
0left_118.png,1,0,0,0,1,0,0,0
0left_119.png,1,0,0,0,0,0,0,0
0left_12.png,1,1,0,0,1,0,0,0
0left_121.png,0,1,0,0,0,0,0,0
0left_122.png,0,1,0,0,0,0,0,0
0left_123.png,0,1,0,0,0,0,0,0
0left_124.png,1,0,0,0,0,0,0,0
0left_125.png,0,1,0,0,0,0,0,0
0left_126.png,1,0,0,0,1,0,0,0
0left_127.png,0,1,0,0,0,0,0,0
0left_128.png,0,0,0,0,1,0,0,0
0left_129.png,0,1,0,0,0,0,0,0
0left_13.png,0,1,0,0,0,0,0,0
0left_130.png,0,0,0,0,1,0,0,0
0left_131.png,1,1,0,0,0,0,0,0
0left_132.png,0,1,0,0,0,0,0,0
0left_133.png,0,1,0,0,0,0,0,0
0left_134.png,0,1,0,0,0,0,0,0
0left_135.png,0,1,0,0,0,0,0,0
0left_136.png,0,1,0,0,0,0,0,0
0left_137.png,0,1,0,0,0,0,0,0
0left_138.png,0,1,0,0,0,0,0,0
0left_139.png,0,1,0,0,0,0,0,0
0left_14.png,1,1,0,0,0,0,0,0
0left_140.png,0,0,1,0,1,0,0,0
0left_141.png,0,0,1,0,1,0,0,0
0left_142.png,0,1,0,0,0,0,0,0
0left_143.png,0,1,0,0,0,0,0,0
0left_144.png,0,1,0,0,0,0,0,0
0left_145.png,1,0,0,0,0,0,0,0
0left_147.png,0,0,0,0,1,0,0,0
0left_148.png,0,0,0,0,1,0,0,0
0left_149.png,0,1,0,0,0,0,0,0
0left_15.png,0,1,0,0,0,0,0,0
0left_150.png,1,0,0,0,1,0,0,0
0left_151.png,0,0,1,0,0,0,0,0
0left_152.png,1,0,0,0,1,0,0,0
0left_153.png,1,1,0,0,1,0,0,0
0left_154.png,0,1,0,0,0,0,0,0
0left_155.png,0,1,0,0,0,0,0,0
0left_156.png,1,0,0,0,0,0,0,0
0left_157.png,1,0,0,0,0,0,0,0
0left_158.png,0,1,0,0,0,0,0,0
0left_159.png,0,0,0,0,1,0,0,0
0left_16.png,1,1,0,0,0,0,0,0
0left_160.png,0,0,0,0,1,0,0,0
0left_161.png,0,0,0,0,1,0,0,0
0left_162.png,0,1,0,0,0,0,0,0
0left_163.png,1,1,0,0,0,0,0,0
0left_164.png,0,0,0,0,1,0,0,0
0left_165.png,0,0,0,0,1,0,0,0
0left_166.png,1,1,0,0,0,0,0,0
0left_167.png,0,1,0,0,0,0,0,0
0left_168.png,1,1,0,0,1,0,0,0
0left_169.png,1,0,0,0,0,0,0,0
0left_17.png,0,0,0,0,1,0,0,0
0left_170.png,0,1,0,0,0,0,0,0
0left_171.png,1,1,0,0,1,0,0,0
0left_172.png,0,0,0,0,0,1,0,0
0left_173.png,1,0,0,0,1,0,0,0
0left_174.png,0,1,0,0,0,0,0,0
0left_175.png,0,1,0,0,0,0,0,0
0left_176.png,0,0,0,0,1,0,0,0
0left_177.png,0,1,0,0,0,0,0,0
0left_178.png,0,1,0,0,0,0,0,0
0left_179.png,1,1,0,0,0,0,0,0
0left_18.png,0,1,0,0,0,0,0,0
0left_180.png,1,1,0,0,0,0,0,
0left_182.png,1,1,0,0,1,0,0,0
0left_183.png,1,1,0,0,0,0,0,0
0left_184.png,1,1,0,0,1,0,0,0
0left_185.png,0,1,0,0,0,0,0,0
0left_186.png,0,0,0,0,1,0,0,0
0left_187.png,1,0,0,0,1,0,0,0
0left_188.png,1,1,0,0,1,0,0,0
0left_189.png,1,1,0,0,0,0,0,0
0left_19.png,1,0,0,0,0,0,0,0
0left_190.png,1,0,0,0,0,0,0,0
0left_191.png,0,1,0,0,0,0,0,0
0left_192.png,1,0,0,0,0,0,0,0
0left_193.png,0,1,0,0,0,0,0,0
0left_194.png,0,0,0,0,1,0,0,0
0left_195.png,0,1,0,0,0,0,0,0
0left_196.png,1,0,0,0,0,0,0,0
0left_197.png,1,0,0,0,0,0,0,0
0left_198.png,1,1,0,0,0,0,0,0
0left_199.png,1,0,0,0,0,0,0,0
0left_2.png,0,1,0,0,0,0,0,0
0left_20.png,0,1,0,0,0,0,0,0
0left_200.png,0,1,0,0,0,0,0,0
0left_201.png,1,1,0,0,0,0,0,0
0left_202.png,0,1,0,0,0,0,0,0
0left_203.png,0,1,0,0,0,0,0,0
0left_204.png,1,0,0,0,1,0,0,0
0left_205.png,0,1,0,0,0,0,0,0
0left_206.png,0,1,0,0,0,0,0,0
0left_207.png,0,1,0,0,0,0,0,0
0left_208.png,0,0,0,0,1,0,0,0
0left_209.png,1,0,0,0,0,0,0,0
0left_21.png,1,0,0,0,0,0,0,0
0left_210.png,1,0,0,0,0,0,0,0
0left_211.png,0,1,0,0,0,0,0,0
0left_212.png,0,1,0,0,0,0,0,0
0left_213.png,0,1,0,0,1,0,0,0
0left_214.png,0,0,0,0,1,0,0,0
0left_215.png,0,1,0,0,0,0,0,0
0left_216.png,1,0,0,0,0,0,0,0
0left_217.png,1,0,0,0,0,0,0,0
0left_218.png,1,0,1,1,1,0,1,0
0left_219.png,1,0,0,0,1,0,0,0
0left_22.png,0,1,0,0,0,0,0,0
0left_220.png,1,0,0,0,1,0,0,0
0left_221.png,0,0,0,1,0,0,0,0
0left_222.png,0,0,0,1,0,0,0,0
0left_223.png,0,1,0,0,0,0,0,0
0left_224.png,0,0,0,0,0,1,0,0
10left_1.png,1,1,1,0,1,0,1,1
10left_10.png,1,1,1,1,1,0,1,1
10left_100.png,1,1,0,1,1,1,1,1
10left_101.png,1,1,1,1,1,0,1,0
10left_102.png,1,1,1,0,1,0,1,0
10left_105.png,1,1,1,0,1,1,1,1
10left_107.png,1,1,0,1,1,1,1,0
10left_108.png,1,1,1,1,1,0,1,1
10left_109.png,1,1,0,1,1,1,1,0
10left_11.png,1,1,1,1,1,0,1,1
10left_110.png,1,1,1,1,1,1,1,1
10left_111.png,1,1,1,1,1,1,1,1
10left_112.png,1,1,1,1,1,1,1,1
10left_115.png,1,1,1,1,1,0,1,1
10left_116.png,1,1,1,1,1,0,1,1
10left_117.png,1,1,1,1,1,0,1,0
10left_118.png,1,0,1,1,1,0,1,0
10left_119.png,1,1,0,1,1,0,1,1
10left_122.png,1,1,1,1,1,0,1,1
10left_123.png,1,1,0,1,1,1,1,0
10left_126.png,1,1,1,1,1,1,1,0
10left_127.png,1,1,1,1,1,0,1,1
10left_128.png,1,1,1,1,1,1,1,0
10left_129.png,1,1,1,1,1,1,1,1
10left_13.png,1,1,1,0,1,1,1,1
10left_130.png,1,1,1,1,1,1,1,1
10left_132.png,1,1,1,1,1,1,1,0
10left_133.png,1,1,1,1,1,0,1,0
10left_137.png,1,1,1,1,1,0,1,0
10left_138.png,1,1,1,1,1,1,1,1
10left_139.png,1,1,1,1,1,1,1,1
10left_140.png,1,1,0,1,1,1,1,0
10left_141.png,1,1,1,1,1,0,1,1
10left_142.png,1,1,1,0,1,0,1,1
10left_146.png,1,1,1,1,1,1,1,1
10left_147.png,1,1,1,1,1,0,1,1
10left_148.png,1,1,1,1,1,0,1,1
10left_149.png,1,1,1,1,1,0,1,1
10left_150.png,1,1,1,1,1,0,1,1
10left_151.png,1,1,1,1,1,0,1,0
10left_152.png,1,1,1,1,1,0,1,1
10left_154.png,1,1,1,1,1,1,1,1
10left_155.png,1,1,1,1,1,0,1,0
10left_157.png,1,1,1,1,1,0,1,0
10left_158.png,1,1,0,1,1,0,1,1
10left_159.png,1,1,1,0,1,0,1,0
10left_16.png,1,1,1,0,1,1,1,1
10left_160.png,0,1,1,1,1,0,1,1
10left_161.png,1,1,1,1,1,1,1,0
10left_162.png,1,1,1,1,1,1,1,0
10left_164.png,1,1,1,1,1,1,1,1
10left_165.png,1,1,1,1,1,0,1,1
10left_167.png,1,1,1,1,1,1,1,1
10left_168.png,1,1,1,1,1,1,1,1
10left_17.png,1,1,1,1,1,0,1,0
10left_170.png,1,1,1,1,1,1,1,1
10left_171.png,1,1,1,1,1,0,1,1
10left_172.png,1,1,1,0,1,1,1,0
10left_173.png,1,1,1,1,1,0,1,1
10left_174.png,1,1,1,1,1,1,1,1
10left_175.png,1,1,1,1,1,1,1,1
10left_176.png,1,1,1,1,1,0,1,1
10left_178.png,1,1,1,1,1,0,1,1
10left_179.png,1,1,1,1,1,1,1,1
10left_18.png,1,1,0,1,1,1,1,0
10left_181.png,1,1,1,0,1,0,1,0
10left_185.png,1,1,1,1,1,1,1,0
10left_187.png,1,0,1,1,1,0,1,0
10left_189.png,1,1,1,1,1,1,1,1
10left_19.png,1,1,0,0,1,1,1,0
10left_190.png,1,1,1,1,1,1,1,1
10left_191.png,1,1,1,1,1,1,1,1
10left_192.png,1,1,1,1,1,0,1,1
10left_193.png,1,1,1,1,1,1,1,0
10left_194.png,1,1,1,1,1,0,1,1
10left_195.png,1,1,0,1,1,1,1,1
10left_196.png,1,1,1,0,1,0,1,1
10left_197.png,1,0,1,1,1,0,1,0
10left_2.png,1,1,1,1,1,0,1,1
10left_20.png,1,1,1,0,1,1,1,0
10left_200.png,1,1,1,1,1,0,1,0
10left_201.png,1,1,0,0,1,1,1,1
10left_202.png,1,1,1,1,1,0,1,1
10left_203.png,1,1,0,1,1,1,1,0
10left_204.png,1,1,1,1,1,0,1,0
10left_205.png,1,1,1,1,1,0,1,1
10left_206.png,1,1,1,1,1,1,1,1
10left_209.png,1,1,1,1,1,1,1,1
10left_210.png,1,1,1,1,1,0,1,1
10left_215.png,1,1,0,1,1,1,1,0
10left_216.png,1,1,0,0,1,1,1,1
10left_219.png,1,1,1,1,1,0,1,1
10left_22.png,1,1,1,1,1,0,1,0
10left_220.png,1,1,0,1,1,1,1,1
10left_222.png,1,1,1,1,1,0,1,0
10left_224.png,0,0,1,0,1,1,0,0
11left_1.png,1,1,1,1,1,0,1,1
11left_100.png,1,1,0,1,1,1,1,1
11left_101.png,1,1,1,1,1,0,1,0
11left_102.png,1,1,1,0,1,0,1,0
11left_105.png,1,1,1,1,1,1,1,1
11left_107.png,1,1,0,1,1,1,1,1
11left_108.png,1,1,1,1,1,0,1,1
11left_109.png,1,1,0,1,1,1,1,0
11left_11.png,1,1,1,1,1,0,1,1
11left_111.png,1,1,1,1,1,1,1,1
11left_115.png,1,1,1,1,1,0,1,1
11left_116.png,1,1,1,1,1,0,1,1
11left_117.png,1,1,1,1,1,0,1,0
11left_118.png,1,1,1,1,1,0,1,0
11left_122.png,1,1,1,0,1,1,1,1
11left_123.png,1,1,0,1,1,1,1,0
11left_126.png,1,1,1,1,1,1,1,0
11left_127.png,1,1,1,0,1,0,1,1
11left_128.png,1,1,1,1,1,1,1,0
11left_129.png,1,1,1,1,1,1,1,1
11left_13.png,1,1,1,0,1,1,1,1
11left_130.png,1,1,1,1,1,1,1,1
11left_132.png,1,1,1,1,1,1,1,0
11left_133.png,1,1,1,1,1,0,1,0
11left_137.png,1,1,1,1,1,0,1,1
11left_138.png,1,1,1,1,1,1,1,1
11left_139.png,1,1,1,1,1,1,1,1
11left_140.png,1,1,0,1,1,1,1,1
11left_141.png,1,1,1,1,1,0,1,1
11left_142.png,1,1,1,1,1,0,1,1
11left_143.png,1,1,1,1,1,1,1,1
11left_146.png,1,1,1,1,1,1,1,1
11left_147.png,1,1,0,1,1,1,1,1
11left_148.png,1,1,0,1,1,0,1,1
11left_149.png,1,1,0,1,1,0,1,1
11left_150.png,1,1,1,1,1,0,1,1
11left_151.png,1,1,1,1,1,0,1,0
11left_152.png,1,1,1,1,1,0,1,1
11left_154.png,1,1,1,1,1,1,1,1
11left_155.png,1,1,1,1,1,0,1,0
11left_157.png,1,1,1,1,1,0,1,0
11left_158.png,1,1,1,1,1,0,1,1
11left_159.png,1,1,1,0,1,0,1,1
11left_16.png,1,1,1,1,1,1,1,1
11left_160.png,1,1,1,1,1,0,1,1
11left_161.png,1,1,1,1,1,1,1,0
11left_162.png,1,1,1,1,1,1,1,0
11left_164.png,1,1,1,1,1,1,1,1
11left_165.png,1,1,1,1,1,0,1,1
11left_168.png,1,1,1,1,1,1,1,1
11left_17.png,1,1,1,1,1,0,1,1
11left_170.png,1,1,1,1,1,1,1,1
11left_171.png,1,1,1,1,1,1,1,1
11left_172.png,1,1,1,0,1,1,1,0
11left_173.png,1,1,1,1,1,0,1,1
11left_174.png,1,1,1,1,1,1,1,1
11left_175.png,1,1,1,1,1,1,1,1
11left_176.png,1,1,1,1,1,0,1,1
11left_178.png,1,1,1,1,1,1,1,1
11left_18.png,1,1,0,1,1,1,1,0
11left_185.png,1,1,0,1,1,1,1,1
11left_187.png,1,0,1,1,1,0,1,1
11left_19.png,1,1,0,0,1,1,1,1
11left_190.png,1,1,1,1,1,1,1,1
11left_192.png,1,1,1,1,1,0,1,1
11left_193.png,1,1,1,1,1,1,1,0
11left_194.png,1,1,1,1,1,1,1,1
11left_196.png,1,1,1,1,1,0,1,1
11left_197.png,1,1,1,1,1,0,1,0
11left_2.png,1,1,1,1,1,0,1,1
11left_20.png,1,1,1,0,1,1,1,0
11left_200.png,1,1,1,1,1,0,1,0
11left_201.png,1,1,0,1,1,0,1,1
11left_202.png,1,1,1,1,1,1,1,1
11left_203.png,1,1,0,1,1,1,1,0
11left_204.png,1,1,1,1,1,0,1,0
11left_205.png,1,1,1,1,1,1,1,1
11left_209.png,1,1,1,1,1,1,1,1
11left_210.png,1,1,1,1,1,1,1,1
11left_216.png,1,1,0,0,1,1,1,1
11left_219.png,1,1,1,1,1,0,1,1
11left_22.png,1,1,1,1,1,0,1,0
11left_220.png,1,1,0,1,1,1,1,1
11left_222.png,1,1,1,1,1,0,1,0
11left_224.png,0,0,1,0,1,1,0,1
12left_1.png,1,1,1,0,1,0,1,1
12left_100.png,1,1,0,1,1,1,1,1
12left_101.png,1,1,1,1,1,0,1,0
12left_102.png,1,1,1,1,1,0,1,0
12left_108.png,1,1,1,1,1,0,1,1
12left_109.png,1,1,0,1,1,1,1,
12left_111.png,1,0,1,1,1,1,1,1
12left_115.png,1,1,1,1,1,1,1,1
12left_116.png,1,1,1,1,1,0,1,1
12left_117.png,1,1,1,1,1,0,1,0
12left_118.png,1,1,1,1,1,0,1,0
12left_119.png,1,1,0,1,1,1,1,1
12left_122.png,1,1,1,0,1,1,1,1
12left_123.png,1,1,0,1,1,1,1,1
12left_126.png,1,1,1,1,1,1,1,0
12left_127.png,1,1,1,1,1,0,1,1
12left_128.png,1,1,1,1,1,1,1,1
12left_129.png,1,1,1,1,1,1,1,1
12left_13.png,1,1,1,1,1,1,1,1
12left_132.png,1,1,1,1,1,1,1,0
12left_133.png,1,1,1,1,1,0,1,0
12left_137.png,1,1,1,1,1,1,1,1
12left_138.png,1,1,1,1,1,1,1,1
12left_139.png,1,1,1,1,1,1,1,1
12left_140.png,1,1,1,1,1,1,1,1
12left_141.png,1,1,1,0,1,0,1,1
12left_142.png,1,1,1,0,1,0,1,1
12left_146.png,1,1,1,1,1,1,1,1
12left_147.png,1,1,1,1,1,0,1,1
12left_148.png,1,1,1,1,1,0,1,1
12left_149.png,1,1,0,1,1,0,1,1
12left_150.png,1,1,1,1,1,0,1,1
12left_151.png,1,1,1,1,1,1,1,0
12left_152.png,1,1,1,1,1,0,1,1
12left_154.png,1,1,1,1,1,1,1,1
12left_155.png,1,1,1,1,1,0,1,0
12left_157.png,1,1,1,1,1,0,1,0
12left_158.png,1,1,1,1,1,1,1,1
12left_159.png,1,1,1,0,1,0,1,1
12left_16.png,1,1,1,1,1,1,1,1
12left_160.png,1,1,1,1,1,0,1,0
12left_161.png,1,1,1,1,1,1,1,0
12left_162.png,1,1,0,1,1,1,1,0
12left_164.png,1,1,1,1,1,1,1,1
12left_165.png,1,1,1,1,1,0,1,1
12left_168.png,1,1,1,1,1,1,1,1
12left_17.png,1,1,1,1,1,0,1,1
12left_170.png,1,1,1,1,1,1,1,1
12left_171.png,1,1,1,1,1,1,1,1
12left_172.png,1,1,1,0,1,1,1,0
12left_173.png,1,1,1,1,1,1,1,1
12left_174.png,1,1,1,1,1,1,1,1
12left_175.png,1,1,1,1,1,1,1,1
12left_176.png,1,1,1,1,1,1,1,1
12left_178.png,1,1,1,1,1,1,1,1
12left_18.png,1,1,0,0,1,1,1,0
12left_181.png,1,1,1,1,1,0,1,0
12left_185.png,1,1,1,1,1,1,1,1
12left_187.png,1,0,1,1,1,0,1,0
12left_192.png,1,1,1,1,1,1,1,1
12left_193.png,1,1,1,1,1,1,1,1
12left_194.png,1,1,1,1,1,1,1,1
12left_196.png,1,1,1,1,1,0,1,1
12left_197.png,1,1,1,1,1,0,1,1
12left_2.png,1,1,1,1,1,1,1,1
12left_20.png,1,1,1,0,1,1,1,0
12left_200.png,1,1,1,1,1,0,1,0
12left_201.png,1,1,0,1,1,1,1,1
12left_202.png,1,1,1,1,1,1,1,1
12left_203.png,1,1,0,1,1,1,1,1
12left_204.png,1,1,1,1,1,0,1,0
12left_205.png,1,1,1,1,1,1,1,1
12left_210.png,1,1,1,1,1,1,1,1
12left_216.png,1,1,1,0,1,1,1,1
12left_219.png,1,1,1,1,1,0,1,1
12left_22.png,1,1,1,1,1,0,1,1
12left_222.png,1,1,1,1,1,0,1,0
12left_224.png,0,0,1,1,1,1,1,1
13left_1.png,1,1,1,0,1,1,1,1
13left_100.png,1,1,0,1,1,1,1,1
13left_101.png,1,1,1,1,1,0,1,0
13left_102.png,1,1,1,1,1,0,1,0
13left_108.png,1,1,1,1,1,1,1,1
13left_109.png,1,1,0,1,1,1,1,0
13left_11.png,1,1,1,1,1,1,1,1
13left_111.png,1,0,1,1,1,1,1,1
13left_115.png,1,1,1,1,1,1,1,1
13left_117.png,1,1,1,1,1,0,1,0
13left_118.png,1,1,1,1,1,0,1,1
13left_119.png,1,1,1,1,1,0,1,1
13left_122.png,1,1,1,0,1,1,1,1
13left_126.png,1,1,1,1,1,1,1,0
13left_127.png,1,1,1,1,1,1,1,1
13left_128.png,1,1,1,1,1,1,1,1
13left_129.png,1,1,1,1,1,1,1,1
13left_13.png,1,1,1,1,1,1,1,1
13left_132.png,1,1,1,1,1,1,1,1
13left_133.png,1,1,1,1,1,0,1,0
13left_137.png,1,1,1,1,1,1,1,1
13left_138.png,1,1,1,1,1,1,1,1
13left_139.png,1,1,1,1,1,1,1,1
13left_141.png,1,1,1,1,1,0,1,1
13left_142.png,1,1,1,1,1,0,1,1
13left_145.png,1,1,1,1,1,1,1,0
13left_146.png,1,1,1,1,1,1,1,1
13left_147.png,1,1,1,1,1,0,1,1
13left_149.png,1,1,1,1,1,1,1,1
13left_150.png,1,1,1,1,1,0,1,1
13left_151.png,1,1,1,1,1,0,1,0
13left_152.png,1,1,1,1,1,0,1,1
13left_155.png,1,1,1,1,1,0,1,1
13left_157.png,1,1,1,1,1,1,1,0
13left_158.png,1,1,1,1,1,1,1,1
13left_159.png,1,1,1,1,1,0,1,1
13left_160.png,1,1,1,1,1,0,1,1
13left_161.png,1,1,1,1,1,1,1,1
13left_162.png,1,1,0,1,1,1,1,0
13left_165.png,1,1,1,1,1,0,1,1
13left_17.png,1,1,1,1,1,0,1,1
13left_170.png,1,1,1,1,1,1,1,1
13left_171.png,1,1,1,1,1,1,1,1
13left_172.png,1,1,1,1,1,1,1,0
13left_173.png,1,1,1,1,1,1,1,1
13left_174.png,1,1,1,1,1,1,1,1
13left_175.png,1,1,1,1,1,1,1,1
13left_176.png,1,1,1,1,1,1,1,1
13left_18.png,1,1,1,0,1,1,1,1
13left_181.png,1,1,1,1,1,1,1,0
13left_185.png,1,1,1,1,1,1,1,1
13left_187.png,1,0,1,1,1,1,1,0
13left_192.png,1,1,1,1,1,1,1,1
13left_194.png,1,1,1,1,1,1,1,1
13left_196.png,1,1,1,0,1,1,1,1
13left_197.png,1,1,1,1,1,0,1,1
13left_2.png,1,1,1,1,1,1,1,1
13left_20.png,1,1,1,1,1,1,1,0
13left_200.png,1,1,1,1,1,0,1,0
13left_202.png,1,1,1,1,1,1,1,1
13left_203.png,1,1,0,1,1,1,1,1
13left_204.png,1,1,1,1,1,0,1,0
13left_205.png,1,1,1,1,1,1,1,1
13left_210.png,1,1,1,1,1,1,1,1
13left_216.png,1,1,1,1,1,1,1,1
13left_219.png,1,1,1,1,1,1,1,1
13left_22.png,1,1,1,1,1,0,1,1
13left_222.png,1,1,1,1,1,0,1,1
13left_224.png,0,1,1,1,1,1,1,1
14left_1.png,1,1,1,1,1,1,1,1
14left_100.png,1,1,0,1,1,1,1,1
14left_101.png,1,1,1,1,1,1,1,0
14left_102.png,1,1,1,1,1,1,1,0
14left_108.png,1,1,1,1,1,1,1,1
14left_109.png,1,1,0,1,1,1,1,1
14left_11.png,1,1,1,1,1,1,1,1
14left_111.png,1,1,1,1,1,1,1,1
14left_115.png,1,1,1,1,1,1,1,1
14left_117.png,1,1,1,1,1,0,1,0
14left_126.png,1,1,1,1,1,1,1,0
14left_127.png,1,1,1,1,1,1,1,1
14left_128.png,1,1,1,1,1,1,1,1
14left_129.png,1,1,1,1,1,1,1,1
14left_132.png,1,1,1,1,1,1,1,1
14left_133.png,1,1,1,1,1,1,1,0
14left_137.png,1,1,1,1,1,1,1,1
14left_138.png,1,1,1,1,1,1,1,1
14left_139.png,1,1,1,1,1,1,1,1
14left_141.png,1,1,1,1,1,1,1,1
14left_142.png,1,1,1,1,1,0,1,1
14left_145.png,1,1,1,1,1,1,1,0
14left_146.png,1,1,1,1,1,1,1,1
14left_147.png,1,1,1,1,1,0,1,1
14left_149.png,1,1,1,1,1,1,1,1
14left_150.png,1,1,1,1,1,0,1,1
14left_151.png,1,1,1,1,1,1,1,0
14left_152.png,1,1,1,1,1,0,1,1
14left_155.png,1,1,1,1,1,1,1,1
14left_157.png,1,1,1,1,1,1,1,0
14left_159.png,1,1,1,1,1,1,1,1
14left_160.png,1,1,1,1,1,1,1,1
14left_161.png,1,1,1,1,1,1,1,1
14left_162.png,1,1,1,1,1,1,1,1
1left_1.png,1,1,0,0,0,0,0,0
1left_10.png,1,1,0,0,0,0,0,0
1left_100.png,1,1,0,0,0,0,0,0
1left_101.png,0,0,0,0,1,0,0,0
1left_102.png,1,1,0,0,0,0,0,0
1left_103.png,1,1,0,0,0,0,0,0
1left_104.png,0,1,0,0,0,0,0,0
1left_105.png,1,1,0,0,0,0,0,0
1left_106.png,1,1,0,0,0,0,0,0
1left_107.png,1,1,0,0,0,0,0,0
1left_108.png,1,1,1,1,1,0,1,0
1left_109.png,0,1,0,0,0,0,0,0
1left_11.png,1,1,0,0,0,0,0,0
1left_110.png,0,1,0,0,0,0,0,0
1left_111.png,1,1,0,0,1,0,0,0
1left_112.png,1,1,0,0,0,0,0,0
1left_113.png,0,1,0,0,0,0,0,0
1left_114.png,1,1,0,0,1,0,0,0
1left_115.png,1,0,0,0,1,0,0,0
1left_116.png,1,0,0,0,1,0,0,0
1left_117.png,1,1,0,0,0,0,0,0
1left_118.png,1,0,0,0,1,0,0,0
1left_119.png,1,1,0,0,0,0,0,0
1left_12.png,1,1,0,0,1,0,0,0
1left_121.png,1,1,0,0,1,0,0,0
1left_122.png,0,1,0,0,0,0,0,0
1left_123.png,0,1,0,0,0,0,0,0
1left_124.png,1,1,0,0,1,0,0,0
1left_125.png,1,1,0,0,0,0,0,0
1left_126.png,1,0,0,0,1,0,0,0
1left_127.png,0,1,0,0,0,0,0,0
1left_128.png,0,0,0,0,1,0,0,0
1left_129.png,0,1,0,0,0,0,0,0
1left_13.png,0,1,0,0,0,0,0,0
1left_130.png,1,1,0,0,1,0,0,0
1left_131.png,1,1,0,0,1,0,0,0
1left_132.png,0,1,0,0,0,0,0,0
1left_133.png,0,1,0,0,0,0,0,0
1left_134.png,1,1,0,0,1,0,0,0
1left_135.png,0,1,0,0,0,0,0,0
1left_136.png,1,1,0,0,0,0,0,0
1left_137.png,1,1,0,0,1,0,0,0
1left_138.png,1,1,0,0,0,0,0,0
1left_139.png,0,1,0,0,0,0,0,0
1left_14.png,1,1,0,0,0,0,0,1
1left_140.png,0,0,0,0,1,1,0,0
1left_141.png,0,0,1,0,0,0,0,0
1left_142.png,1,1,0,0,0,0,0,0
1left_143.png,1,1,0,0,1,0,0,0
1left_144.png,1,1,0,0,0,0,0,0
1left_145.png,1,1,0,0,0,0,0,0
1left_146.png,1,1,0,0,0,0,0,0
1left_147.png,0,0,0,0,1,0,0,0
1left_148.png,0,0,0,0,1,0,0,0
1left_149.png,1,1,0,0,0,0,0,0
1left_15.png,1,1,0,0,0,0,0,0
1left_150.png,1,1,0,0,0,0,0,0
1left_151.png,0,0,0,0,1,0,0,0
1left_152.png,1,0,1,0,1,0,0,0
1left_153.png,1,1,0,0,1,0,0,0
1left_154.png,1,1,0,0,0,0,0,0
1left_155.png,0,1,0,0,0,0,0,0
1left_156.png,1,1,0,0,0,0,0,0
1left_157.png,0,1,0,0,0,0,0,0
1left_158.png,0,1,0,0,0,0,0,0
1left_159.png,0,0,1,0,1,0,0,0
1left_16.png,1,1,0,0,0,0,0,0
1left_160.png,1,0,0,0,1,0,0,0
1left_161.png,1,1,0,0,1,0,0,0
1left_162.png,1,1,0,1,1,0,0,0
1left_163.png,1,1,0,0,1,0,0,0
1left_164.png,0,0,0,0,1,0,0,0
1left_165.png,1,1,0,0,1,0,0,0
1left_166.png,1,1,0,0,0,0,0,0
1left_167.png,0,1,0,0,0,0,0,0
1left_168.png,1,1,0,0,0,0,0,0
1left_169.png,1,1,0,0,0,0,0,0
1left_17.png,0,1,0,0,1,0,0,0
1left_170.png,0,1,0,0,0,0,0,0
1left_171.png,1,1,0,0,1,0,0,0
1left_172.png,0,0,0,0,0,1,0,0
1left_173.png,1,1,0,0,1,0,0,0
1left_174.png,0,1,0,0,0,0,0,0
1left_175.png,0,1,0,0,0,0,0,0
1left_176.png,1,0,0,0,1,0,0,0
1left_177.png,1,1,0,0,0,0,0,0
1left_178.png,1,1,0,0,0,0,0,0
1left_179.png,1,1,0,0,0,0,0,0
1left_18.png,0,1,0,0,0,0,0,0
1left_180.png,1,1,0,0,0,0,0,0
1left_181.png,1,1,0,0,0,0,0,0
1left_182.png,1,1,0,0,1,0,0,0
1left_183.png,1,1,0,0,1,0,0,0
1left_184.png,1,1,0,1,1,0,0,0
1left_185.png,0,1,0,0,0,0,0,0
1left_186.png,0,1,0,0,1,0,0,0
1left_187.png,1,0,0,0,1,0,0,0
1left_188.png,1,1,0,0,1,0,0,0
1left_189.png,1,1,0,0,0,0,0,0
1left_19.png,1,1,0,0,0,0,0,0
1left_190.png,1,1,0,0,0,0,0,0
1left_191.png,1,1,0,0,0,0,0,0
1left_192.png,1,1,0,0,0,0,0,0
1left_193.png,1,1,0,0,1,0,0,0
1left_194.png,0,1,0,0,1,0,0,0
1left_195.png,0,1,0,0,0,0,0,0
1left_196.png,1,0,0,0,0,0,0,0
1left_197.png,0,0,0,0,1,0,0,0
1left_198.png,1,1,0,0,1,0,1,0
1left_199.png,1,1,0,0,0,0,0,0
1left_2.png,1,1,0,0,0,0,0,0
1left_20.png,0,1,0,0,0,0,0,0
1left_200.png,1,1,0,0,1,0,0,0
1left_201.png,1,1,0,0,1,0,0,0
1left_202.png,0,1,0,0,0,0,0,0
1left_203.png,0,1,0,0,0,0,0,0
1left_204.png,1,0,1,1,1,0,0,0
1left_205.png,0,1,0,0,0,0,0,0
1left_206.png,0,1,0,0,0,0,0,0
1left_207.png,1,1,0,0,1,0,0,0
1left_208.png,0,1,0,0,1,0,0,0
1left_209.png,0,0,0,0,1,0,0,0
1left_21.png,1,1,0,0,0,0,0,0
1left_210.png,1,1,0,0,1,0,0,0
1left_211.png,1,1,0,0,0,0,0,0
1left_212.png,1,1,0,0,0,0,0,0
1left_213.png,1,1,0,0,0,0,0,0
1left_214.png,0,0,0,0,1,0,0,0
1left_215.png,1,1,0,0,0,0,0,0
1left_216.png,1,1,0,0,0,0,0,0
1left_217.png,1,1,0,0,0,0,0,0
1left_218.png,1,1,0,1,1,0,0,0
1left_219.png,1,0,0,1,1,0,0,0
1left_22.png,1,1,0,0,1,0,0,0
1left_220.png,1,1,0,0,1,0,0,0
1left_221.png,0,0,0,1,0,0,0,0
1left_222.png,1,1,0,0,0,0,0,0
1left_223.png,1,1,0,0,1,0,0,0
1left_224.png,0,0,0,0,0,1,0,0
2left_1.png,1,1,0,0,0,0,0,0
2left_10.png,1,1,0,0,0,0,0,1
2left_100.png,1,1,0,0,0,0,0,0
2left_101.png,1,1,0,0,1,0,0,0
2left_102.png,1,1,0,0,0,0,0,0
2left_103.png,1,1,0,0,1,0,0,0
2left_104.png,1,1,0,0,0,0,0,0
2left_105.png,1,1,0,0,0,0,0,0
2left_106.png,1,1,0,0,1,0,0,0
2left_107.png,1,1,0,0,1,0,0,0
2left_108.png,1,0,0,1,1,0,0,0
2left_109.png,1,1,0,0,1,0,0,0
2left_11.png,1,1,0,0,1,0,0,0
2left_110.png,1,1,0,0,0,0,0,0
2left_111.png,1,1,0,1,1,0,0,0
2left_112.png,1,1,0,0,0,0,0,0
2left_113.png,1,1,0,0,1,0,0,0
2left_114.png,1,1,0,1,1,0,0,0
2left_115.png,1,1,0,0,1,0,0,0
2left_116.png,1,1,0,1,1,0,0,0
2left_117.png,1,1,0,0,1,0,0,0
2left_118.png,1,1,0,1,1,0,0,0
2left_119.png,1,1,0,0,0,0,0,0
2left_12.png,1,1,1,1,1,0,0,0
2left_121.png,1,1,0,0,1,0,0,0
2left_122.png,1,1,0,0,0,0,0,0
2left_123.png,1,1,0,0,1,0,0,0
2left_124.png,1,1,1,0,1,0,0,0
2left_125.png,1,1,0,0,1,0,0,0
2left_126.png,1,1,0,0,1,0,0,0
2left_127.png,0,1,0,0,0,0,0,0
2left_128.png,0,0,0,1,1,0,0,0
2left_129.png,0,1,0,0,0,0,0,0
2left_13.png,1,1,0,0,1,0,0,0
2left_130.png,1,1,0,0,1,0,0,1
2left_131.png,1,1,0,0,1,1,0,0
2left_132.png,0,0,0,0,0,1,0,0
2left_133.png,0,1,0,0,0,0,0,0
2left_134.png,1,1,0,0,1,0,0,0
2left_135.png,0,1,0,0,0,0,0,0
2left_136.png,1,1,0,0,1,0,0,0
2left_137.png,1,1,0,0,1,0,0,0
2left_138.png,1,1,1,0,1,0,0,0
2left_139.png,0,1,0,0,0,0,0,0
2left_14.png,1,1,0,0,0,0,0,1
2left_140.png,0,0,0,0,1,1,0,0
2left_141.png,0,1,0,0,1,0,0,0
2left_142.png,1,1,0,0,0,0,0,0
2left_143.png,1,1,0,0,1,0,0,0
2left_144.png,1,1,0,0,1,0,0,0
2left_145.png,1,1,0,0,0,0,0,0
2left_146.png,1,1,0,0,0,0,0,0
2left_147.png,0,0,0,1,1,0,0,0
2left_148.png,1,1,0,0,1,0,0,0
2left_149.png,1,1,0,0,0,0,0,0
2left_15.png,1,1,0,0,1,0,0,0
2left_150.png,1,1,0,0,1,0,0,0
2left_151.png,0,1,0,0,1,0,0,0
2left_152.png,1,0,1,1,1,0,0,0
2left_153.png,1,1,0,0,1,0,0,0
2left_154.png,1,1,0,0,0,0,0,1
2left_155.png,1,1,0,0,1,0,0,0
2left_156.png,1,1,0,0,0,0,0,1
2left_157.png,0,1,0,0,0,0,0,0
2left_158.png,1,1,0,0,0,0,0,0
2left_159.png,1,0,1,0,1,0,0,0
2left_16.png,1,1,0,0,0,0,0,0
2left_160.png,1,0,0,0,1,0,0,0
2left_161.png,1,1,0,0,1,0,0,0
2left_162.png,1,1,0,1,1,0,0,0
2left_163.png,1,1,0,1,1,0,0,0
2left_164.png,0,1,0,0,1,0,0,0
2left_165.png,1,1,0,1,1,0,0,0
2left_166.png,1,1,0,0,1,0,0,1
2left_167.png,1,1,0,0,1,0,0,0
2left_168.png,1,1,0,0,1,0,0,0
2left_169.png,1,1,0,0,1,0,0,0
2left_17.png,0,1,0,0,1,0,0,0
2left_170.png,1,1,0,0,0,0,0,0
2left_171.png,1,1,0,0,1,0,0,0
2left_172.png,0,0,0,0,0,1,0,0
2left_173.png,1,1,1,0,1,0,0,0
2left_174.png,1,1,0,0,1,0,0,0
2left_175.png,1,1,0,0,0,0,0,0
2left_176.png,1,1,0,0,1,0,0,0
2left_177.png,1,1,0,0,1,0,0,0
2left_178.png,1,1,0,0,0,0,0,1
2left_179.png,1,1,0,0,0,0,0,0
2left_18.png,0,1,0,0,0,0,0,0
2left_180.png,1,1,0,0,1,0,0,0
2left_181.png,1,1,0,0,1,0,0,0
2left_182.png,1,1,0,0,1,0,0,0
2left_183.png,1,1,1,0,1,0,0,0
2left_184.png,1,1,0,0,1,0,0,0
2left_185.png,1,1,0,0,1,0,0,0
2left_186.png,1,1,0,0,1,0,0,0
2left_187.png,1,0,0,0,1,0,0,0
2left_188.png,1,1,0,0,1,1,0,0
2left_189.png,1,1,0,0,1,0,0,0
2left_19.png,1,1,0,0,0,0,0,0
2left_190.png,1,1,0,0,1,0,0,0
2left_191.png,1,1,0,0,0,0,0,0
2left_192.png,1,1,0,0,0,0,0,0
2left_193.png,1,1,0,0,1,0,0,0
2left_194.png,1,1,0,0,1,0,0,0
2left_195.png,1,1,0,0,1,0,0,0
2left_196.png,1,1,0,1,1,0,0,0
2left_197.png,1,0,0,0,1,0,0,0
2left_198.png,0,0,0,0,1,0,0,0
2left_199.png,1,1,0,0,1,0,1,1
2left_2.png,1,1,0,0,1,0,0,0
2left_20.png,0,1,0,0,0,0,0,0
2left_200.png,1,1,1,1,1,0,0,0
2left_201.png,1,1,0,0,1,0,0,0
2left_202.png,1,1,0,0,0,0,0,0
2left_203.png,1,1,0,0,1,0,0,0
2left_204.png,1,0,1,1,1,0,0,0
2left_205.png,1,1,0,0,0,0,0,0
2left_206.png,1,1,0,0,0,0,0,0
2left_207.png,1,1,0,0,1,0,0,0
2left_208.png,0,1,0,0,1,0,0,0
2left_209.png,1,0,0,0,1,0,0,0
2left_21.png,1,1,0,0,0,0,0,0
2left_210.png,1,1,0,0,1,0,0,1
2left_211.png,1,1,0,0,1,0,0,0
2left_212.png,1,1,0,0,1,0,0,0
2left_213.png,1,1,1,0,1,0,0,0
2left_214.png,1,0,0,0,1,0,0,0
2left_215.png,1,1,0,0,0,0,0,0
2left_216.png,1,1,0,0,1,0,0,0
2left_217.png,1,1,0,0,1,0,0,0
2left_218.png,1,1,0,1,1,0,0,0
2left_219.png,1,0,0,1,1,0,0,0
2left_22.png,1,1,0,0,1,0,0,0
2left_220.png,1,1,0,0,1,0,0,0
2left_222.png,1,1,0,0,1,0,0,0
2left_223.png,1,1,0,1,1,0,0,0
2left_224.png,0,0,0,0,0,1,0,0
30left_139.png,1,1,1,1,1,1,1,1
30left_150.png,1,1,1,1,1,1,1,1
3left_1.png,1,1,0,0,0,0,0,1
3left_10.png,1,1,0,0,0,0,0,1
3left_100.png,1,1,0,0,0,0,0,1
3left_101.png,0,1,0,0,1,0,0,0
3left_102.png,1,1,0,0,0,0,0,0
3left_103.png,1,1,0,0,0,0,0,0
3left_104.png,1,1,0,0,1,0,0,0
3left_105.png,1,1,0,0,1,0,0,0
3left_106.png,1,1,0,1,1,0,0,0
3left_107.png,1,1,0,1,1,0,0,0
3left_108.png,1,0,0,1,1,0,0,0
3left_109.png,1,1,0,0,1,0,0,0
3left_11.png,1,1,0,0,1,0,0,0
3left_110.png,1,1,0,0,0,0,0,0
3left_111.png,1,1,1,1,1,0,0,0
3left_112.png,1,1,0,0,0,0,0,1
3left_113.png,1,1,0,0,1,0,0,0
3left_114.png,1,1,0,1,1,1,0,0
3left_115.png,1,1,0,0,1,0,0,0
3left_116.png,1,1,0,0,1,0,0,0
3left_117.png,1,1,1,0,1,0,0,0
3left_118.png,1,0,1,1,1,0,0,0
3left_119.png,1,1,0,0,1,0,0,0
3left_12.png,1,1,1,1,1,0,0,0
3left_121.png,1,1,0,0,1,1,0,0
3left_122.png,1,1,0,0,0,0,0,1
3left_123.png,1,1,0,0,1,0,0,0
3left_124.png,1,1,1,1,1,0,0,0
3left_125.png,1,1,0,0,1,0,0,1
3left_126.png,1,1,0,0,1,0,0,0
3left_127.png,0,1,0,0,0,0,0,0
3left_128.png,1,0,0,1,1,0,0,0
3left_129.png,1,1,0,1,1,0,0,0
3left_13.png,1,1,0,0,1,0,0,0
3left_130.png,1,1,0,0,1,0,0,1
3left_131.png,1,1,0,0,1,1,0,0
3left_132.png,1,1,0,0,0,0,0,0
3left_133.png,1,1,0,0,0,0,0,0
3left_134.png,1,1,0,0,1,1,0,0
3left_135.png,0,1,0,0,0,0,0,1
3left_136.png,1,1,0,0,1,0,0,0
3left_137.png,1,1,0,0,1,0,0,0
3left_138.png,1,1,1,0,1,0,0,0
3left_139.png,1,1,0,0,1,0,0,0
3left_14.png,1,1,0,0,1,0,0,1
3left_140.png,0,0,0,0,1,1,0,0
3left_141.png,1,1,0,0,1,0,0,0
3left_142.png,1,1,0,0,0,0,0,1
3left_143.png,1,1,0,0,1,0,0,0
3left_144.png,1,1,0,1,1,0,0,0
3left_145.png,1,1,0,0,1,0,0,0
3left_146.png,1,1,0,0,0,0,0,1
3left_147.png,0,0,0,1,1,0,0,0
3left_148.png,1,1,0,0,1,0,0,0
3left_149.png,1,1,0,0,1,0,0,0
3left_15.png,1,1,0,0,1,0,0,1
3left_150.png,1,1,0,0,1,0,0,0
3left_151.png,0,1,0,0,1,0,0,0
3left_152.png,1,0,1,1,1,0,0,0
3left_153.png,1,1,0,0,1,1,0,0
3left_154.png,1,1,0,0,0,0,0,1
3left_155.png,1,1,1,0,1,0,0,0
3left_156.png,1,1,0,0,1,0,0,1
3left_157.png,0,1,0,0,0,0,0,0
3left_158.png,1,1,0,0,0,0,0,1
3left_159.png,1,1,1,0,1,0,0,0
3left_16.png,1,1,0,0,0,0,0,0
3left_160.png,1,0,1,1,1,0,0,0
3left_161.png,1,1,0,0,1,0,0,0
3left_162.png,1,1,0,0,1,1,0,0
3left_163.png,1,1,1,1,1,0,0,0
3left_164.png,1,1,0,0,1,0,0,0
3left_165.png,1,1,1,1,1,0,0,0
3left_166.png,1,1,0,0,1,0,0,1
3left_167.png,1,1,0,0,1,0,0,0
3left_168.png,1,1,0,1,1,0,0,0
3left_169.png,1,1,0,0,1,0,0,0
3left_17.png,1,1,0,0,1,0,0,0
3left_170.png,1,1,0,0,1,0,0,0
3left_171.png,1,1,0,0,1,0,0,0
3left_172.png,0,0,0,0,1,1,0,0
3left_173.png,1,1,1,0,1,0,0,0
3left_174.png,1,1,0,0,1,0,0,0
3left_175.png,1,1,0,1,1,0,0,0
3left_176.png,1,1,0,0,1,0,0,0
3left_177.png,1,1,0,0,1,0,0,0
3left_178.png,1,1,0,0,0,0,0,0
3left_179.png,1,1,0,0,1,0,0,0
3left_18.png,0,1,0,0,0,0,0,0
3left_180.png,1,1,0,0,1,1,0,0
3left_181.png,1,1,0,0,1,0,0,0
3left_182.png,1,1,0,0,1,0,0,0
3left_183.png,1,1,1,0,1,0,0,0
3left_184.png,1,1,0,1,1,0,0,0
3left_185.png,1,1,0,1,1,0,0,0
3left_186.png,1,1,0,1,1,0,0,0
3left_187.png,1,0,0,1,1,0,0,0
3left_188.png,1,1,0,0,1,1,0,0
3left_189.png,1,1,0,1,1,0,0,0
3left_19.png,1,1,0,0,0,0,0,0
3left_190.png,1,1,0,0,1,0,0,0
3left_191.png,1,1,0,0,1,0,0,0
3left_192.png,1,1,0,0,1,0,0,0
3left_193.png,1,1,0,1,1,1,0,0
3left_194.png,1,1,0,0,1,0,0,0
3left_195.png,1,1,0,1,1,0,0,1
3left_196.png,1,0,0,0,1,0,0,0
3left_197.png,0,0,0,0,1,0,0,0
3left_198.png,1,1,0,0,1,1,1,1
3left_199.png,1,1,1,0,1,0,0,0
3left_2.png,1,1,0,1,1,0,0,0
3left_20.png,0,1,0,0,0,0,0,0
3left_200.png,1,1,1,1,1,0,0,0
3left_201.png,1,1,0,0,1,0,0,1
3left_202.png,1,1,0,0,0,0,0,0
3left_203.png,1,1,0,0,1,0,0,0
3left_204.png,1,1,0,1,1,0,0,0
3left_205.png,1,1,0,0,1,0,0,0
3left_206.png,1,1,0,0,1,0,0,0
3left_207.png,1,1,0,0,1,1,0,0
3left_208.png,1,1,0,0,1,0,0,0
3left_209.png,1,0,1,1,1,0,0,0
3left_21.png,1,1,0,0,1,0,0,0
3left_210.png,1,1,0,0,1,0,0,0
3left_211.png,1,1,0,0,1,1,0,0
3left_212.png,1,1,0,0,1,0,0,0
3left_213.png,1,1,0,0,1,0,0,0
3left_214.png,1,1,0,0,1,0,0,0
3left_215.png,1,1,0,0,0,0,0,0
3left_216.png,1,1,0,1,1,0,0,0
3left_219.png,1,1,0,1,1,0,0,0
3left_22.png,1,1,0,1,1,0,0,0
3left_222.png,1,1,0,0,1,0,0,0
3left_223.png,1,1,0,0,1,0,0,0
3left_224.png,1,1,0,1,1,0,0,0
4left_1.png,0,0,0,0,0,1,0,0
4left_10.png,1,1,0,0,0,0,0,1
4left_100.png,1,1,0,0,1,0,0,1
4left_101.png,1,1,0,0,0,0,0,1
4left_102.png,0,1,0,0,1,0,0,0
4left_103.png,1,1,0,0,1,0,0,0
4left_104.png,1,1,1,1,1,0,0,0
4left_105.png,1,1,0,1,1,0,0,0
4left_106.png,1,1,0,0,1,0,0,0
4left_107.png,1,1,1,1,1,0,0,0
4left_108.png,1,1,0,1,1,1,0,0
4left_109.png,1,0,1,1,1,0,1,0
4left_11.png,1,1,0,1,1,0,1,0
4left_110.png,1,1,0,1,1,0,1,0
4left_111.png,1,1,0,0,0,0,0,1
4left_112.png,1,1,1,1,1,0,1,0
4left_113.png,1,1,0,0,1,0,1,0
4left_114.png,1,1,0,0,0,0,0,1
4left_115.png,1,1,0,0,1,0,1,0
4left_116.png,1,1,0,1,1,1,1,0
4left_117.png,1,1,0,0,1,0,1,0
4left_118.png,1,1,0,0,1,0,1,1
4left_12.png,1,0,1,1,1,0,1,0
4left_121.png,1,1,0,0,1,0,1,0
4left_122.png,1,1,0,0,1,1,1,0
4left_123.png,1,1,0,0,1,1,1,0
4left_124.png,1,1,0,0,1,0,0,0
4left_125.png,1,1,1,1,1,0,1,0
4left_126.png,1,1,0,1,1,0,1,1
4left_127.png,1,1,0,1,1,0,1,0
4left_128.png,1,1,0,0,0,0,0,0
4left_129.png,1,1,0,1,1,0,1,0
4left_13.png,1,1,0,1,1,0,0,0
4left_130.png,1,1,0,0,1,0,1,0
4left_131.png,1,1,0,0,1,0,1,1
4left_132.png,1,1,0,0,1,1,1,1
4left_133.png,1,1,0,1,1,0,1,0
4left_134.png,1,1,0,1,1,1,1,0
4left_135.png,1,1,0,0,0,0,0,0
4left_136.png,1,1,1,1,1,0,1,0
4left_137.png,1,1,0,1,1,0,1,0
4left_138.png,1,1,1,1,1,0,1,1
4left_139.png,1,1,0,1,1,0,1,0
4left_14.png,1,1,0,1,1,0,1,1
4left_140.png,1,1,0,1,1,1,1,0
4left_141.png,1,1,0,1,1,0,1,0
4left_142.png,1,1,0,0,0,0,0,1
4left_143.png,1,1,0,1,1,0,1,0
4left_144.png,1,1,0,1,1,1,1,0
4left_146.png,1,1,1,0,0,0,1,1
4left_147.png,1,0,0,1,1,0,1,0
4left_148.png,1,1,0,1,1,0,1,1
4left_149.png,1,1,0,0,0,0,0,0
4left_15.png,1,1,0,1,1,1,1,1
4left_150.png,1,1,0,1,1,0,1,0
4left_151.png,1,1,0,0,1,0,1,0
4left_152.png,1,1,1,1,1,0,1,0
4left_153.png,1,1,0,1,1,0,1,0
4left_154.png,1,1,0,0,1,0,1,1
4left_155.png,1,1,1,0,1,0,1,0
4left_156.png,1,1,0,1,1,1,1,0
4left_157.png,0,1,0,0,0,0,0,0
4left_158.png,1,1,0,0,0,0,0,1
4left_159.png,1,1,1,0,1,0,1,0
4left_16.png,1,1,0,0,0,0,0,1
4left_160.png,1,0,1,1,1,0,1,0
4left_161.png,1,1,0,1,1,0,1,0
4left_162.png,1,1,0,1,1,1,1,0
4left_163.png,1,1,1,1,1,0,1,1
4left_164.png,1,1,0,1,1,0,1,0
4left_165.png,1,1,1,1,1,0,1,1
4left_166.png,1,1,0,1,1,0,1,1
4left_167.png,1,1,0,1,1,0,1,0
4left_168.png,1,1,0,1,1,0,1,0
4left_169.png,1,1,0,1,1,1,1,0
4left_17.png,1,1,1,0,1,0,1,0
4left_170.png,1,1,0,1,1,0,1,0
4left_171.png,1,1,0,1,1,0,1,0
4left_172.png,0,0,0,0,1,1,0,0
4left_173.png,1,1,1,0,1,0,1,0
4left_174.png,1,1,0,1,1,0,1,0
4left_175.png,1,1,0,1,1,0,1,0
4left_176.png,1,1,0,0,1,0,1,1
4left_177.png,1,1,0,1,1,1,1,0
4left_178.png,1,1,0,0,0,0,0,1
4left_18.png,1,1,0,0,1,0,1,0
4left_180.png,1,1,0,1,1,1,1,0
4left_181.png,1,1,0,0,1,0,0,0
4left_182.png,1,1,0,1,1,0,1,0
4left_183.png,1,1,1,1,1,0,1,0
4left_184.png,1,1,0,1,1,0,1,1
4left_185.png,1,1,0,1,1,0,1,0
4left_186.png,1,1,1,1,1,0,1,0
4left_187.png,1,0,0,1,1,0,1,0
4left_188.png,1,1,0,0,1,0,1,0
4left_189.png,1,1,0,1,1,0,1,0
4left_19.png,1,1,0,0,1,0,1,0
4left_190.png,1,1,0,1,1,0,1,0
4left_191.png,1,1,0,0,1,0,1,0
4left_192.png,1,1,0,0,1,0,1,0
4left_193.png,1,1,0,1,1,1,1,0
4left_194.png,1,1,1,0,1,0,1,0
4left_195.png,1,1,0,1,1,1,1,1
4left_196.png,1,0,1,0,1,0,1,0
4left_197.png,0,0,0,1,1,0,0,0
4left_198.png,1,1,0,1,1,1,1,1
4left_199.png,1,1,1,0,1,0,1,0
4left_2.png,1,1,0,1,1,0,1,0
4left_20.png,1,1,0,0,0,0,0,0
4left_200.png,1,1,1,1,1,0,1,0
4left_201.png,1,1,0,1,1,0,1,1
4left_202.png,1,1,0,0,0,0,1,1
4left_203.png,1,1,0,1,1,0,1,0
4left_204.png,1,1,0,1,1,0,1,0
4left_205.png,1,1,1,0,1,0,1,0
4left_206.png,1,1,0,1,1,0,1,0
4left_207.png,1,1,0,0,1,1,1,0
4left_208.png,1,1,1,0,1,0,1,0
4left_209.png,1,0,0,1,1,0,1,0
4left_21.png,1,1,0,1,1,0,1,0
4left_210.png,1,1,1,0,1,0,1,0
4left_211.png,1,1,0,0,1,1,1,0
4left_212.png,1,1,0,1,1,0,1,0
4left_213.png,1,1,1,1,1,0,1,0
4left_215.png,1,1,0,0,1,0,0,0
4left_216.png,1,1,0,0,0,0,0,0
4left_217.png,1,1,0,1,1,0,0,0
4left_219.png,1,1,0,1,1,0,1,0
4left_22.png,1,1,1,1,1,0,1,0
4left_220.png,1,1,0,1,1,0,1,0
4left_221.png,0,0,1,0,1,1,0,0
4left_222.png,1,1,1,0,1,0,0,0
4left_223.png,1,1,0,1,1,0,1,0
4left_224.png,0,0,0,0,0,1,0,0
5left_1.png,
5left_10.png,
5left_100.png,
5left_101.png,
5left_102.png,
5left_103.png,
5left_104.png,
5left_105.png,
5left_106.png,
5left_107.png,
5left_108.png,
5left_109.png,
5left_11.png,
5left_110.png,
5left_111.png,
5left_112.png,
5left_113.png,
5left_115.png,
5left_116.png,
5left_117.png,
5left_118.png,
5left_119.png,
5left_12.png,
5left_121.png,
5left_122.png,
5left_123.png,
5left_124.png,
5left_125.png,
5left_126.png,
5left_127.png,
5left_128.png,
5left_129.png,
5left_13.png,
5left_130.png,
5left_132.png,
5left_133.png,
5left_134.png,
5left_135.png,
5left_136.png,
5left_137.png,
5left_138.png,
5left_139.png,
5left_14.png,
5left_140.png,
5left_141.png,
5left_142.png,
5left_143.png,
5left_144.png,
5left_145.png,
5left_146.png,
5left_147.png,
5left_148.png,
5left_149.png,
5left_15.png,
5left_150.png,
5left_151.png,
5left_152.png,
5left_153.png,
5left_154.png,
5left_155.png,
5left_156.png,
5left_157.png,
5left_158.png,
5left_159.png,
5left_16.png,
5left_160.png,
5left_161.png,
5left_162.png,
5left_163.png,
5left_164.png,
5left_165.png,
5left_166.png,
5left_167.png,
5left_168.png,
5left_169.png,
5left_17.png,
5left_170.png,
5left_171.png,
5left_172.png,
5left_173.png,
5left_174.png,
5left_175.png,
5left_176.png,
5left_177.png,
5left_178.png,
5left_179.png,
5left_18.png,
5left_180.png,
5left_181.png,
5left_182.png,
5left_183.png,
5left_184.png,
5left_185.png,
5left_186.png,
5left_187.png,
5left_188.png,
5left_189.png,
5left_19.png,
5left_190.png,
5left_191.png,
5left_192.png,
5left_193.png,
5left_194.png,
5left_195.png,
5left_196.png,
5left_197.png,
5left_199.png,
5left_2.png,
5left_20.png,
5left_200.png,
5left_201.png,
5left_202.png,
5left_203.png,
5left_204.png,
5left_205.png,
5left_206.png,
5left_207.png,
5left_208.png,
5left_209.png,
5left_21.png,
5left_210.png,
5left_211.png,
5left_212.png,
5left_213.png,
5left_214.png,
5left_215.png,
5left_216.png,
5left_217.png,
5left_218.png,
5left_219.png,
5left_22.png,
5left_220.png,
5left_221.png,
5left_222.png,
5left_223.png,
5left_224.png,
6left_1.png,
6left_10.png,
6left_100.png,
6left_101.png,
6left_102.png,
6left_103.png,
6left_104.png,
6left_105.png,
6left_106.png,
6left_107.png,
6left_108.png,
6left_109.png,
6left_11.png,
6left_110.png,
6left_111.png,
6left_112.png,
6left_113.png,
6left_115.png,
6left_116.png,
6left_117.png,
6left_118.png,
6left_119.png,
6left_122.png,
6left_123.png,
6left_124.png,
6left_125.png,
6left_126.png,
6left_127.png,
6left_128.png,
6left_129.png,
6left_13.png,
6left_130.png,
6left_132.png,
6left_133.png,
6left_136.png,
6left_137.png,
6left_138.png,
6left_139.png,
6left_14.png,
6left_140.png,
6left_141.png,
6left_142.png,
6left_143.png,
6left_144.png,
6left_145.png,
6left_146.png,
6left_147.png,
6left_148.png,
6left_149.png,
6left_150.png,
6left_151.png,
6left_152.png,
6left_153.png,
6left_154.png,
6left_155.png,
6left_156.png,
6left_157.png,
6left_158.png,
6left_159.png,
6left_16.png,
6left_160.png,
6left_161.png,
6left_162.png,
6left_163.png,
6left_164.png,
6left_165.png,
6left_166.png,
6left_167.png,
6left_168.png,
6left_169.png,
6left_17.png,
6left_170.png,
6left_171.png,
6left_172.png,
6left_173.png,
6left_174.png,
6left_175.png,
6left_176.png,
6left_177.png,
6left_178.png,
6left_179.png,
6left_18.png,
6left_180.png,
6left_181.png,
6left_182.png,
6left_183.png,
6left_184.png,
6left_185.png,
6left_186.png,
6left_187.png,
6left_188.png,
6left_189.png,
6left_19.png,
6left_190.png,
6left_191.png,
6left_192.png,
6left_193.png,
6left_194.png,
6left_195.png,
6left_196.png,
6left_197.png,
6left_199.png,
6left_2.png,
6left_20.png,
6left_200.png,
6left_201.png,
6left_202.png,
6left_203.png,
6left_204.png,
6left_205.png,
6left_206.png,
6left_207.png,
6left_208.png,
6left_209.png,
6left_21.png,
6left_210.png,
6left_211.png,
6left_212.png,
6left_213.png,
6left_214.png,
6left_215.png,
6left_216.png,
6left_217.png,
6left_218.png,
6left_219.png,
6left_22.png,
6left_220.png,
6left_221.png,
6left_222.png,
6left_223.png,
6left_224.png,
7left_1.png,
7left_10.png,
7left_100.png,
7left_101.png,
7left_102.png,
7left_103.png,
7left_104.png,
7left_105.png,
7left_106.png,
7left_107.png,
7left_108.png,
7left_109.png,
7left_11.png,
7left_110.png,
7left_111.png,
7left_112.png,
7left_113.png,
7left_115.png,
7left_116.png,
7left_117.png,
7left_118.png,
7left_119.png,
7left_122.png,
7left_123.png,
7left_125.png,
7left_126.png,
7left_127.png,
7left_128.png,
7left_129.png,
7left_13.png,
7left_130.png,
7left_132.png,
7left_133.png,
7left_136.png,
7left_137.png,
7left_138.png,
7left_139.png,
7left_14.png,
7left_140.png,
7left_141.png,
7left_142.png,
7left_143.png,
7left_144.png,
7left_145.png,
7left_146.png,
7left_147.png,
7left_148.png,
7left_149.png,
7left_150.png,
7left_151.png,
7left_152.png,
7left_154.png,
7left_155.png,
7left_156.png,
7left_157.png,
7left_158.png,
7left_159.png,
7left_16.png,
7left_160.png,
7left_161.png,
7left_162.png,
7left_163.png,
7left_164.png,
7left_165.png,
7left_166.png,
7left_167.png,
7left_168.png,
7left_17.png,
7left_170.png,
7left_171.png,
7left_172.png,
7left_173.png,
7left_174.png,
7left_175.png,
7left_176.png,
7left_178.png,
7left_179.png,
7left_18.png,
7left_180.png,
7left_181.png,
7left_182.png,
7left_183.png,
7left_184.png,
7left_185.png,
7left_186.png,
7left_187.png,
7left_188.png,
7left_189.png,
7left_19.png,
7left_190.png,
7left_191.png,
7left_192.png,
7left_193.png,
7left_194.png,
7left_195.png,
7left_196.png,
7left_197.png,
7left_199.png,
7left_2.png,
7left_20.png,
7left_200.png,
7left_201.png,
7left_202.png,
7left_203.png,
7left_204.png,
7left_205.png,
7left_206.png,
7left_208.png,
7left_209.png,
7left_21.png,
7left_210.png,
7left_211.png,
7left_212.png,
7left_214.png,
7left_215.png,
7left_216.png,
7left_217.png,
7left_218.png,
7left_219.png,
7left_22.png,
7left_220.png,
7left_221.png,
7left_222.png,
7left_224.png,
8left_1.png,
8left_10.png,
8left_100.png,
8left_101.png,
8left_102.png,
8left_103.png,
8left_104.png,
8left_105.png,
8left_106.png,
8left_107.png,
8left_108.png,
8left_109.png,
8left_11.png,
8left_110.png,
8left_111.png,
8left_112.png,
8left_113.png,
8left_115.png,
8left_116.png,
8left_117.png,
8left_118.png,
8left_119.png,
8left_122.png,
8left_123.png,
8left_125.png,
8left_126.png,
8left_127.png,
8left_128.png,
8left_129.png,
8left_13.png,
8left_130.png,
8left_132.png,
8left_133.png,
8left_136.png,
8left_137.png,
8left_138.png,
8left_139.png,
8left_14.png,
8left_140.png,
8left_141.png,
8left_142.png,
8left_143.png,
8left_145.png,
8left_146.png,
8left_147.png,
8left_148.png,
8left_149.png,
8left_150.png,
8left_151.png,
8left_152.png,
8left_154.png,
8left_155.png,
8left_156.png,
8left_157.png,
8left_158.png,
8left_159.png,
8left_16.png,
8left_160.png,
8left_161.png,
8left_162.png,
8left_163.png,
8left_164.png,
8left_165.png,
8left_166.png,
8left_167.png,
8left_168.png,
8left_17.png,
8left_170.png,
8left_171.png,
8left_172.png,
8left_173.png,
8left_174.png,
8left_175.png,
8left_176.png,
8left_178.png,
8left_179.png,
8left_18.png,
8left_180.png,
8left_181.png,
8left_182.png,
8left_184.png,
8left_185.png,
8left_186.png,
8left_187.png,
8left_189.png,
8left_19.png,
8left_190.png,
8left_191.png,
8left_192.png,
8left_193.png,
8left_194.png,
8left_195.png,
8left_196.png,
8left_197.png,
8left_199.png,
8left_2.png,
8left_20.png,
8left_200.png,
8left_201.png,
8left_202.png,
8left_203.png,
8left_204.png,
8left_205.png,
8left_206.png,
8left_208.png,
8left_209.png,
8left_210.png,
8left_211.png,
8left_212.png,
8left_214.png,
8left_215.png,
8left_216.png,
8left_217.png,
8left_218.png,
8left_219.png,
8left_22.png,
8left_220.png,
8left_221.png,
8left_222.png,
8left_224.png,
9left_1.png,
9left_10.png,
9left_100.png,
9left_101.png,
9left_102.png,
9left_104.png,
9left_105.png,
9left_107.png,
9left_108.png,
9left_109.png,
9left_11.png,
9left_110.png,
9left_111.png,
9left_112.png,
9left_113.png,
9left_115.png,
9left_116.png,
9left_117.png,
9left_118.png,
9left_119.png,
9left_122.png,
9left_123.png,
9left_126.png,
9left_127.png,
9left_128.png,
9left_129.png,
9left_13.png,
9left_130.png,
9left_132.png,
9left_133.png,
9left_136.png,
9left_137.png,
9left_138.png,
9left_139.png,
9left_14.png,
9left_140.png,
9left_141.png,
9left_142.png,
9left_143.png,
9left_145.png,
9left_146.png,
9left_147.png,
9left_148.png,
9left_149.png,
9left_150.png,
9left_151.png,
9left_152.png,
9left_154.png,
9left_155.png,
9left_156.png,
9left_157.png,
9left_158.png,
9left_159.png,
9left_16.png,
9left_160.png,
9left_161.png,
9left_162.png,
9left_164.png,
9left_165.png,
9left_167.png,
9left_168.png,
9left_17.png,
9left_170.png,
9left_171.png,
9left_172.png,
9left_173.png,
9left_174.png,
9left_175.png,
9left_176.png,
9left_178.png,
9left_179.png,
9left_18.png,
9left_181.png,
9left_182.png,
9left_185.png,
9left_186.png,
9left_187.png,
9left_189.png,
9left_19.png,
9left_190.png,
9left_191.png,
9left_192.png,
9left_193.png,
9left_194.png,
9left_195.png,
9left_196.png,
9left_197.png,
9left_199.png,
9left_2.png,
9left_20.png,
9left_200.png,
9left_201.png,
9left_202.png,
9left_203.png,
9left_204.png,
9left_205.png,
9left_206.png,
9left_208.png,
9left_209.png,
9left_210.png,
9left_211.png,
9left_212.png,
9left_214.png,
9left_215.png,
9left_216.png,
9left_218.png,
9left_219.png,
9left_22.png,
9left_220.png,
9left_221.png,
9left_222.png,
9left_224.png,
14left_165.png,
14left_17.png,
14left_170.png,
14left_171.png,
14left_172.png,
14left_173.png,
14left_175.png,
14left_176.png,
14left_18.png,
14left_181.png,
14left_187.png,
14left_194.png,
14left_196.png,
14left_197.png,
14left_2.png,
14left_20.png,
14left_200.png,
14left_203.png,
14left_204.png,
14left_205.png,
14left_210.png,
14left_214.png,
14left_218.png,
14left_22.png,
14left_221.png,
14left_222.png,
14left_224.png,
15left_1.png,
15left_100.png,
15left_101.png,
15left_102.png,
15left_108.png,
15left_109.png,
15left_11.png,
15left_111.png,
15left_115.png,
15left_117.png,
15left_126.png,
15left_128.png,
15left_129.png,
15left_132.png,
15left_133.png,
15left_137.png,
15left_138.png,
15left_139.png,
15left_140.png,
15left_141.png,
15left_142.png,
15left_143.png,
15left_145.png,
15left_147.png,
15left_150.png,
15left_151.png,
15left_152.png,
15left_155.png,
15left_157.png,
15left_159.png,
15left_160.png,
15left_161.png,
15left_162.png,
15left_165.png,
15left_17.png,
15left_170.png,
15left_171.png,
15left_172.png,
15left_173.png,
15left_175.png,
15left_176.png,
15left_18.png,
15left_181.png,
15left_187.png,
15left_194.png,
15left_196.png,
15left_197.png,
15left_2.png,
15left_20.png,
15left_200.png,
15left_203.png,
15left_204.png,
15left_205.png,
15left_210.png,
15left_214.png,
15left_218.png,
15left_22.png,
15left_221.png,
15left_222.png,
15left_224.png,
16left_100.png,
16left_101.png,
16left_102.png,
16left_11.png,
16left_115.png,
16left_126.png,
16left_129.png,
16left_132.png,
16left_133.png,
16left_137.png,
16left_139.png,
16left_140.png,
16left_141.png,
16left_142.png,
16left_145.png,
16left_147.png,
16left_150.png,
16left_151.png,
16left_152.png,
16left_157.png,
16left_160.png,
16left_161.png,
16left_162.png,
16left_165.png,
16left_17.png,
16left_170.png,
16left_171.png,
16left_172.png,
16left_175.png,
16left_176.png,
16left_181.png,
16left_187.png,
16left_194.png,
16left_196.png,
16left_197.png,
16left_20.png,
16left_200.png,
16left_203.png,
16left_204.png,
16left_205.png,
16left_210.png,
16left_214.png,
16left_218.png,
16left_22.png,
16left_221.png,
16left_222.png,
16left_224.png,
17left_100.png,
17left_101.png,
17left_102.png,
17left_115.png,
17left_126.png,
17left_129.png,
17left_133.png,
17left_137.png,
17left_139.png,
17left_140.png,
17left_141.png,
17left_142.png,
17left_145.png,
17left_147.png,
17left_150.png,
17left_151.png,
17left_152.png,
17left_157.png,
17left_160.png,
17left_161.png,
17left_165.png,
17left_17.png,
17left_170.png,
17left_171.png,
17left_172.png,
17left_175.png,
17left_181.png,
17left_187.png,
17left_194.png,
17left_196.png,
17left_197.png,
17left_20.png,
17left_200.png,
17left_203.png,
17left_204.png,
17left_205.png,
17left_214.png,
17left_22.png,
17left_221.png,
17left_222.png,
17left_224.png,
18left_100.png,
18left_101.png,
18left_102.png,
18left_115.png,
18left_126.png,
18left_133.png,
18left_137.png,
18left_139.png,
18left_140.png,
18left_141.png,
18left_142.png,
18left_147.png,
18left_150.png,
18left_151.png,
18left_152.png,
18left_157.png,
18left_160.png,
18left_161.png,
18left_165.png,
18left_17.png,
18left_170.png,
18left_172.png,
18left_187.png,
18left_196.png,
18left_197.png,
18left_20.png,
18left_200.png,
18left_204.png,
18left_214.png,
18left_22.png,
18left_221.png,
18left_224.png,
19left_100.png,
19left_101.png,
19left_115.png,
19left_126.png,
19left_133.png,
19left_139.png,
19left_140.png,
19left_141.png,
19left_142.png,
19left_150.png,
19left_152.png,
19left_157.png,
19left_161.png,
19left_165.png,
19left_170.png,
19left_172.png,
19left_187.png,
19left_197.png,
19left_20.png,
19left_214.png,
19left_22.png,
19left_221.png,
20left_100.png,
20left_101.png,
20left_115.png,
20left_126.png,
20left_133.png,
20left_139.png,
20left_140.png,
20left_141.png,
20left_142.png,
20left_150.png,
20left_152.png,
20left_157.png,
20left_161.png,
20left_165.png,
20left_170.png,
20left_172.png,
20left_187.png,
20left_197.png,
20left_20.png,
20left_214.png,
20left_22.png,
20left_221.png,
21left_100.png,
21left_101.png,
21left_115.png,
21left_126.png,
21left_139.png,
21left_140.png,
21left_141.png,
21left_142.png,
21left_150.png,
21left_152.png,
21left_157.png,
21left_187.png,
21left_197.png,
21left_214.png,
21left_22.png,
21left_221.png,
22left_100.png,
22left_126.png,
22left_139.png,
22left_140.png,
22left_141.png,
22left_150.png,
22left_157.png,
22left_187.png,
22left_197.png,
22left_214.png,
22left_22.png,
22left_221.png,
23left_100.png,
23left_126.png,
23left_139.png,
23left_140.png,
23left_141.png,
23left_150.png,
23left_157.png,
23left_22.png,
23left_221.png,
24left_100.png,
24left_126.png,
24left_139.png,
24left_141.png,
24left_150.png,
24left_221.png,
25left_100.png,
25left_126.png,
25left_139.png,
25left_150.png,
25left_221.png,
26left_100.png,
26left_126.png,
26left_139.png,
26left_150.png,
26left_221.png,
27left_126.png,
27left_139.png,
27left_150.png,
27left_221.png,
28left_139.png,
28left_150.png,
28left_221.png,
29left_139.png,
29left_150.png,
29left_221.png,
